  Base de dados BPS,,,,,,,,,,,,,,,,,,,,,
Dados do Item,,,,Dados da Compra,,,,,Dados do Fabricante Fornecedor,,,,Dados da Instituição,,,,Valores,,,,
Código BR,Descrição CATMAT, Unidade de Fornecimento ,Genérico,Registro Anvisa, Data Compra ,Modalidade da Compra, Data Inserção,Tipo Compra,Fabricante,CNPJ Fabricante,Fornecedor,CNPJ Fornecedor,Nome Instituição,CNPJ Instituição,Município Instituição,UF,Qtd Itens Comprados,Preço Unitário,CMED - Preço Regulado,Competência CMED, Média Ponderada 
BR0270438,"DACARBAZINA, CONCENTRAÇÃO:200 MG, USO:INJETÁVEL",FRASCO-AMPOLA,Não, Não Informado,25/11/2020,Pregão,04/03/2021,A,LABORATORIO TEUTO BRASILEIRO S/A ,17.159.229/0001-76,PONTAMED FARMACEUTICA LTDA ,02.816.696/0001-54,MUNICIPIO DE PINHAIS,95.423.000/0001-00,PINHAIS,PR,"1,0000","0,0001","0,0000",N/A,"0,0001"
BR0276871,"FLUORURACILA, DOSAGEM:5%, USO:CREME","BISNAGA 15,00 G",Não,1057500390011,21/12/2020,Pregão,15/03/2021,A,VALEANT FARMACEUTICA DO BRASIL LTDA ,61.186.136/0001-22,CMH - CENTRAL DE MEDICAMENTOS HOSPITALARES - EIRELI - ME,23.228.076/0001-74,MUNICIPIO DE SANTA HELENA,76.206.457/0001-19,SANTA HELENA,PR,"170,0000","12,8000","0,0000",N/A,"16,8539"
BR0276871,"FLUORURACILA, DOSAGEM:5%, USO:CREME","BISNAGA 15,00 G",Não,1057500390011,27/10/2020,Pregão,26/08/2021,A,VALEANT FARMACEUTICA DO BRASIL LTDA ,61.186.136/0001-22,AVAREMED DISTRIBUIDORA DE MEDICAMENTOS EIRELI - EPP,11.195.057/0001-00,MUNICIPIO DE MONTE ALTO,51.816.247/0001-11,MONTE ALTO,SP,"65,0000","15,8600","0,0000",N/A,"16,8539"
BR0276871,"FLUORURACILA, DOSAGEM:5%, USO:CREME","BISNAGA 15,00 G",Não,1057500390011,31/08/2020,Pregão,12/01/2021,A,VALEANT FARMACEUTICA DO BRASIL LTDA ,61.186.136/0001-22,HOSPIDROGAS COMERCIO DE PRODUTOS HOSPITALARES LTDA ,35.997.345/0001-46,FUNDO MUNICIPAL DE SAUDE,14.734.122/0001-16,SAO ROQUE DO CANAA,ES,"100,0000","17,5000","0,0000",N/A,"16,8539"
BR0429928,"DOXORRUBICINA CLORIDRATO, CONCENTRAÇÃO:2 MG/ML, FORMA FARMACÊUTICA:SOLUÇÃO INJETÁVEL","FRASCO 25,00 ML - GENÉRICO",Sim,1553700630021,10/06/2021,Pregão,05/10/2021,A,ACCORD FARMACÊUTICA LTDA,64.171.697/0001-46,TRES PHARMA DISTRIBUIDORA E SERVICOS LTDA,26.401.571/0001-21,UNIVERSIDADE FEDERAL DE UBERLANDIA,25.648.387/0001-18,UBERLANDIA,MG,"2280,0000","53,3300","241,9900",02/2022,"53,3300"